{
  "align-content": "フレックスコンテナー内の行の配置",
  "align-items": "フレックスコンテナー内のアイテムの配置",
  "align-self": "フレックスコンテナー内の選択アイテムの配置",
  "all": "全プロパティをリセット",
  "animation": "アニメーション関連プロパティのショートハンド",
  "animation-delay": "アニメーション開始の遅延時間",
  "animation-direction": "アニメーションの再生方向",
  "animation-duration": "アニメーション1サイクルの完了時間",
  "animation-fill-mode": "アニメーション再生前後の要素スタイル",
  "animation-iteration-count": "アニメーションの再生回数",
  "animation-name": "@keyframesアニメーション名",
  "animation-play-state": "アニメーションの再生状態",
  "animation-timing-function": "アニメーションの速度曲線",
  "backface-visibility": "要素の裏面の表示/非表示",
  "background": "背景関連プロパティのショートハンド",
  "background-attachment": "背景画像のスクロール/固定",
  "background-blend-mode": "背景レイヤーのブレンドモード",
  "background-clip": "背景の表示範囲",
  "background-color": "要素の背景色",
  "background-image": "要素の背景画像",
  "background-origin": "背景画像の配置領域",
  "background-position": "背景画像の位置",
  "background-repeat": "背景画像の繰り返し方法",
  "background-size": "背景画像のサイズ",
  "border": "境界線の幅、スタイル、色のショートハンド",
  "border-bottom": "下境界線の幅、スタイル、色のショートハンド",
  "border-bottom-color": "下境界線の色",
  "border-bottom-left-radius": "左下角の境界線半径",
  "border-bottom-right-radius": "右下角の境界線半径",
  "border-bottom-style": "下境界線のスタイル",
  "border-bottom-width": "下境界線の幅",
  "border-collapse": "テーブル境界線の結合/分離",
  "border-color": "全境界線の色",
  "border-image": "境界線画像のショートハンド",
  "border-image-outset": "境界線画像の外側への広がり",
  "border-image-repeat": "境界線画像の繰り返し方法",
  "border-image-slice": "境界線画像のスライス方法",
  "border-image-source": "境界線画像のパス",
  "border-image-width": "境界線画像の幅",
  "border-left": "左境界線のショートハンド",
  "border-left-color": "左境界線の色",
  "border-left-style": "左境界線のスタイル",
  "border-left-width": "左境界線の幅",
  "border-radius": "角丸のショートハンド",
  "border-right": "右境界線のショートハンド",
  "border-right-color": "右境界線の色",
  "border-right-style": "右境界線のスタイル",
  "border-right-width": "右境界線の幅",
  "border-spacing": "テーブルセルの境界線間隔",
  "border-style": "全境界線のスタイル",
  "border-top": "上境界線の幅、スタイル、色のショートハンド",
  "border-top-color": "上境界線の色",
  "border-top-left-radius": "左上角の境界線半径",
  "border-top-right-radius": "右上角の境界線半径",
  "border-top-style": "上境界線のスタイル",
  "border-top-width": "上境界線の幅",
  "border-width": "全境界線の幅",
  "bottom": "要素の下からの位置",
  "box-decoration-break": "要素ボックス分割時の装飾適用方法",
  "box-shadow": "要素の影",
  "box-sizing": "要素の幅と高さの計算方法",
  "break-after": "要素後の改ページ/改段/改領域",
  "break-before": "要素前の改ページ/改段/改領域",
  "break-inside": "要素内部の改ページ/改段/改領域",
  "caption-side": "テーブルキャプションの配置",
  "caret-color": "カーソルの色",
  "clear": "回り込みの解除",
  "clip": "絶対配置要素のクリップ",
  "clip-path": "要素のクリップパス",
  "color": "テキストの色",
  "column-count": "要素の段数",
  "column-fill": "段組みの埋め方",
  "column-gap": "段間の間隔",
  "column-rule": "段間罫線のショートハンド",
  "column-rule-color": "段間罫線の色",
  "column-rule-style": "段間罫線のスタイル",
  "column-rule-width": "段間罫線の幅",
  "column-span": "要素がまたがる段数",
  "column-width": "段の幅",
  "columns": "段の幅と数のショートハンド",
  "content": "生成コンテンツの挿入",
  "counter-increment": "CSSカウンターの増減",
  "counter-reset": "CSSカウンターのリセット",
  "cursor": "マウスカーソル",
  "direction": "テキストの方向",
  "display": "要素の表示方法",
  "empty-cells": "テーブル空セルの境界線/背景表示",
  "filter": "要素表示前の効果",
  "flex": "フレックスアイテムの伸縮、基準サイズのショートハンド",
  "flex-basis": "フレックスアイテムの初期サイズ",
  "flex-direction": "フレックスアイテムの方向",
  "flex-flow": "フレックスアイテムの方向と折り返しのショートハンド",
  "flex-grow": "フレックスアイテムの伸び率",
  "flex-shrink": "フレックスアイテムの縮み率",
  "flex-wrap": "フレックスアイテムの折り返し",
  "float": "ボックスの回り込み",
  "font": "フォント関連プロパティのショートハンド",
  "font-family": "テキストのフォントファミリー",
  "font-feature-settings": "OpenTypeフォントのタイポグラフィ機能制御",
  "font-kerning": "フォントのカーニング制御",
  "font-language-override": "フォントの言語固有グリフ制御",
  "font-size": "テキストのフォントサイズ",
  "font-size-adjust": "フォントフォールバック時の可読性維持",
  "font-stretch": "フォントの伸縮",
  "font-style": "テキストのフォントスタイル",
  "font-synthesis": "不足書体の合成制御",
  "font-variant": "テキストのスモールキャップス表示",
  "font-variant-caps": "大文字代替グリフの使用",
  "font-variant-east-asian": "東アジア言語の代替グリフ使用",
  "font-variant-ligatures": "合字と文脈形式の使用制御",
  "font-variant-numeric": "数字、分数、序数マーカーの代替グリフ使用",
  "font-variant-position": "上付き/下付き文字の代替グリフ使用",
  "font-weight": "フォントの太さ",
  "gap": "行と列のギャップのショートハンド",
  "grid": "グリッドレイアウトのショートハンド",
  "grid-area": "グリッドアイテムの名前または位置のショートハンド",
  "grid-auto-columns": "デフォルトの列サイズ",
  "grid-auto-flow": "自動配置アイテムのグリッド挿入方法",
  "grid-auto-rows": "デフォルトの行サイズ",
  "grid-column": "グリッド列の開始/終了のショートハンド",
  "grid-column-end": "グリッドアイテムの終了位置",
  "grid-column-gap": "列間のギャップ",
  "grid-column-start": "グリッドアイテムの開始位置",
  "grid-gap": "行と列のギャップのショートハンド",
  "grid-row": "グリッド行の開始/終了のショートハンド",
  "grid-row-end": "グリッドアイテムの終了位置",
  "grid-row-gap": "行間のギャップ",
  "grid-row-start": "グリッドアイテムの開始位置",
  "grid-template": "グリッドの行、列、エリアのショートハンド",
  "grid-template-areas": "名前付きグリッドエリアでの列と行の表示",
  "grid-template-columns": "グリッド列のサイズと数",
  "grid-template-rows": "グリッド行のサイズ",
  "hanging-punctuation": "句読点のぶら下げ",
  "height": "要素の高さ",
  "hyphens": "単語の分割方法",
  "image-rendering": "画像のレンダリング方法",
  "isolation": "新しいスタッキングコンテキストの作成",
  "justify-content": "フレックスコンテナー内のアイテム間の配置",
  "left": "要素の左からの位置",
  "letter-spacing": "文字間隔",
  "line-break": "行の改行方法",
  "line-height": "行の高さ",
  "list-style": "リストスタイルのショートハンド",
  "list-style-image": "リストマーカー画像",
  "list-style-position": "リストマーカーの位置",
  "list-style-type": "リストマーカーの種類",
  "margin": "マージンのショートハンド",
  "margin-bottom": "下マージン",
  "margin-left": "左マージン",
  "margin-right": "右マージン",
  "margin-top": "上マージン",
  "mask": "要素のマスキング/クリッピング",
  "mask-clip": "マスク領域",
  "mask-composite": "マスクレイヤーの合成操作",
  "mask-image": "マスクレイヤー画像",
  "mask-mode": "マスクレイヤー画像のモード",
  "mask-origin": "マスクレイヤー画像の原点",
  "mask-position": "マスクレイヤー画像の開始位置",
  "mask-repeat": "マスクレイヤー画像の繰り返し",
  "mask-size": "マスクレイヤー画像のサイズ",
  "mask-type": "SVGマスク要素のタイプ",
  "max-height": "要素の最大高さ",
  "max-width": "要素の最大幅",
  "min-height": "要素の最小高さ",
  "min-width": "要素の最小幅",
  "mix-blend-mode": "要素コンテンツのブレンドモード",
  "object-fit": "置換要素のコンテンツの適合方法",
  "object-position": "置換要素のボックス内配置",
  "opacity": "要素の不透明度",
  "order": "フレックスアイテムの順序",
  "orphans": "改ページ/改段時の下部最小行数",
  "outline": "アウトラインの幅、スタイル、色のショートハンド",
  "outline-color": "アウトラインの色",
  "outline-offset": "アウトラインのオフセット",
  "outline-style": "アウトラインのスタイル",
  "outline-width": "アウトラインの幅",
  "overflow": "コンテンツのオーバーフロー処理",
  "overflow-wrap": "長い単語の改行とオーバーフロー防止",
  "overflow-x": "コンテンツの左右クリップ",
  "overflow-y": "コンテンツの上下クリップ",
  "padding": "パディングのショートハンド",
  "padding-bottom": "下パディング",
  "padding-left": "左パディング",
  "padding-right": "右パディング",
  "padding-top": "上パディング",
  "page-break-after": "要素後の改ページ",
  "page-break-before": "要素前の改ページ",
  "page-break-inside": "要素内部の改ページ",
  "perspective": "3D要素の遠近感",
  "perspective-origin": "3D要素の視点位置",
  "pointer-events": "ポインターイベントへの反応",
  "position": "要素の配置方法",
  "quotes": "引用符の種類",
  "resize": "要素のサイズ変更可否",
  "right": "要素の右からの位置",
  "row-gap": "グリッド行間のギャップ",
  "scroll-behavior": "スクロールの挙動",
  "tab-size": "タブ文字の幅",
  "table-layout": "テーブルレイアウトのアルゴリズム",
  "text-align": "テキストの水平配置",
  "text-align-last": "テキスト最終行の配置",
  "text-combine-upright": "複数文字の結合",
  "text-decoration": "テキスト装飾のショートハンド",
  "text-decoration-color": "テキスト装飾の色",
  "text-decoration-line": "テキスト装飾の線の種類",
  "text-decoration-style": "テキスト装飾の線のスタイル",
  "text-emphasis": "強調マークのスタイルと色のショートハンド",
  "text-emphasis-color": "強調マークの色",
  "text-emphasis-position": "強調マークの位置",
  "text-emphasis-style": "強調マークのスタイル",
  "text-indent": "テキスト最初の行のインデント",
  "text-justify": "両端揃えの方法",
  "text-orientation": "テキストの向き",
  "text-overflow": "あふれたコンテンツの表示方法",
  "text-shadow": "テキストの影",
  "text-transform": "テキストの大文字/小文字変換",
  "text-underline-position": "下線の位置",
  "top": "要素の上からの位置",
  "transform": "要素の2D/3D変換",
  "transform-origin": "変換要素の原点",
  "transform-style": "ネスト要素の3Dレンダリング方法",
  "transition": "トランジションのショートハンド",
  "transition-delay": "トランジションの遅延時間",
  "transition-duration": "トランジションの完了時間",
  "transition-property": "トランジション対象プロパティ",
  "transition-timing-function": "トランジションの速度曲線",
  "unicode-bidi": "テキストの書字方向の上書き",
  "user-select": "テキストの選択可否",
  "vertical-align": "要素の垂直配置",
  "visibility": "要素の表示/非表示",
  "white-space": "空白の扱い方",
  "widows": "改ページ/改段時の上部最小行数",
  "width": "要素の幅",
  "word-break": "単語の改行方法",
  "word-spacing": "単語間隔",
  "word-wrap": "長い単語の折り返し",
  "writing-mode": "テキストの書字方向",
  "z-index": "要素のスタック順序"
}