{
    "fontAwesomeIcons": [
        { "name": "家", "category": "一般", "class": "fas fa-house", "keywords": ["home", "ハウス", "いえ"] },
        { "name": "虫眼鏡", "category": "一般", "class": "fas fa-magnifying-glass", "keywords": ["search", "find", "zoom", "検索", "探す", "サーチ"] },
        { "name": "ユーザー", "category": "一般", "class": "fas fa-user", "keywords": ["person", "account", "profile", "人", "アカウント", "プロフィール"] },
        { "name": "歯車", "category": "一般", "class": "fas fa-gear", "keywords": ["settings", "options", "controls", "設定", "オプション"] },
        { "name": "星", "category": "一般", "class": "fas fa-star", "keywords": ["favorite", "rating", "bookmark", "お気に入り", "評価", "スター"] },
        { "name": "ハート", "category": "一般", "class": "fas fa-heart", "keywords": ["like", "love", "favorite", "好き", "いいね"] },
        { "name": "封筒", "category": "一般", "class": "fas fa-envelope", "keywords": ["mail", "email", "message", "メール", "メッセージ"] },
        { "name": "旗", "category": "一般", "class": "fas fa-flag", "keywords": ["report", "mark", "フラグ", "レポート", "マーク"] },
        { "name": "ベル", "category": "一般", "class": "fas fa-bell", "keywords": ["notification", "alert", "alarm", "通知", "アラート", "アラーム"] },
        { "name": "タグ", "category": "一般", "class": "fas fa-tag", "keywords": ["label", "price", "ラベル", "値段"] },
        { "name": "地球", "category": "一般", "class": "fas fa-globe", "keywords": ["world", "planet", "earth", "世界", "惑星"] },
        { "name": "地図", "category": "一般", "class": "fas fa-map", "keywords": ["location", "address", "route", "場所", "住所", "ルート"] },
        { "name": "カレンダー", "category": "一般", "class": "fas fa-calendar", "keywords": ["date", "event", "schedule", "日付", "イベント", "スケジュール"] },
        { "name": "カメラ", "category": "一般", "class": "fas fa-camera", "keywords": ["photo", "picture", "image", "写真", "画像"] },
        { "name": "電球", "category": "一般", "class": "fas fa-lightbulb", "keywords": ["idea", "tip", "hint", "アイデア", "ヒント"] },
        { "name": "本", "category": "一般", "class": "fas fa-book", "keywords": ["read", "library", "document", "読む", "図書館", "ドキュメント"] },
        { "name": "ギフト", "category": "一般", "class": "fas fa-gift", "keywords": ["present", "box", "プレゼント", "贈り物"] },
        { "name": "鍵", "category": "一般", "class": "fas fa-key", "keywords": ["password", "login", "secure", "パスワード", "ログイン", "セキュリティ"] },
        { "name": "印刷", "category": "一般", "class": "fas fa-print", "keywords": ["printer", "pdf", "プリント", "プリンター"] },
        { "name": "雲", "category": "一般", "class": "fas fa-cloud", "keywords": ["cloud", "sky", "weather", "くも", "天気"] },
        { "name": "時計", "category": "一般", "class": "fas fa-clock", "keywords": ["time", "watch", "alarm", "とけい", "時間"] },
        { "name": "リンク", "category": "一般", "class": "fas fa-link", "keywords": ["link", "url", "chain", "つながり"] },
        { "name": "ゴミ箱", "category": "一般", "class": "fas fa-trash", "keywords": ["trash", "delete", "remove", "ごみばこ", "削除"] },
        { "name": "編集", "category": "一般", "class": "fas fa-pen", "keywords": ["edit", "write", "へんしゅう", "書く"] },
        { "name": "共有", "category": "一般", "class": "fas fa-share", "keywords": ["share", "connect", "きょうゆう"] },
        { "name": "ダウンロード", "category": "一般", "class": "fas fa-download", "keywords": ["download", "save", "だうんろーど", "保存"] },
        { "name": "アップロード", "category": "一般", "class": "fas fa-upload", "keywords": ["upload", "load", "あっぷろーど"] },
        { "name": "ホーム", "category": "一般", "class": "fas fa-home", "keywords": ["home", "house", "いえ", "うち"] },
        { "name": "設定", "category": "一般", "class": "fas fa-cog", "keywords": ["settings", "options", "せってい"] },
        { "name": "リロード", "category": "一般", "class": "fas fa-sync", "keywords": ["reload", "refresh", "さいよみこみ", "更新"] },
        { "name": "外部サイト", "category": "一般", "class": "fas fa-external-link-alt", "keywords": ["external", "new-tab", "がいぶ"] },
        { "name": "ノート", "category": "一般", "class": "fas fa-sticky-note", "keywords": ["note", "memo", "sticky", "メモ"] },
        { "name": "地球儀アメリカ", "category": "一般", "class": "fas fa-globe-americas", "keywords": ["globe", "world", "earth", "america", "ちきゅう", "世界", "アメリカ"] },
        { "name": "地球儀ヨーロッパ", "category": "一般", "class": "fas fa-globe-europe", "keywords": ["globe", "world", "earth", "europe", "ちきゅう", "世界", "ヨーロッパ"] },
        { "name": "チェック", "category": "一般", "class": "fas fa-check", "keywords": ["check", "tick", "correct", "ok", "正しい"] },
        { "name": "バツ", "category": "一般", "class": "fas fa-times", "keywords": ["cross", "wrong", "error", "ばつ", "間違い"] },
        { "name": "プラス", "category": "一般", "class": "fas fa-plus", "keywords": ["add", "new", "ぷらす", "追加"] },
        { "name": "マイナス", "category": "一般", "class": "fas fa-minus", "keywords": ["remove", "delete", "まいなす", "削除"] },
        { "name": "情報", "category": "一般", "class": "fas fa-info-circle", "keywords": ["info", "information", "details", "じょうほう", "詳細"] },
        { "name": "質問", "category": "一般", "class": "fas fa-question-circle", "keywords": ["question", "help", "faq", "しつもん", "ヘルプ"] },
        { "name": "警告", "category": "一般", "class": "fas fa-exclamation-triangle", "keywords": ["warning", "alert", "caution", "けいこく", "注意"] },
        { "name": "カレンダー(代替)", "category": "一般", "class": "fas fa-calendar-alt", "keywords": ["calendar", "date", "event", "schedule", "日付", "イベント", "スケジュール"] },
        { "name": "ゴミ箱(代替)", "category": "一般", "class": "fas fa-trash-alt", "keywords": ["trash", "delete", "remove", "ごみばこ", "削除"] },
        { "name": "編集(代替)", "category": "一般", "class": "fas fa-edit", "keywords": ["edit", "pen", "write", "へんしゅう", "書く"] },
        { "name": "共有(四角)", "category": "一般", "class": "fas fa-share-square", "keywords": ["share", "connect", "きょうゆう"] },
        { "name": "リロード(代替)", "category": "一般", "class": "fas fa-sync-alt", "keywords": ["reload", "refresh", "sync", "さいよみこみ", "更新"] },
        { "name": "目", "category": "一般", "class": "fas fa-eye", "keywords": ["view", "see", "め", "見る"] },
        { "name": "目を隠す", "category": "一般", "class": "fas fa-eye-slash", "keywords": ["hide", "hidden", "めをかくす", "非表示"] },
        { "name": "電源", "category": "一般", "class": "fas fa-power-off", "keywords": ["power", "on", "off", "でんげん"] },
        { "name": "ロック", "category": "一般", "class": "fas fa-lock", "keywords": ["secure", "password", "ろっく", "鍵"] },
        { "name": "ロック解除", "category": "一般", "class": "fas fa-unlock", "keywords": ["open", "ろっくかいじょ"] },
        { "name": "左矢印", "category": "矢印", "class": "fas fa-arrow-left", "keywords": ["arrow", "back", "previous", "やじるし", "戻る", "前へ"] },
        { "name": "右矢印", "category": "矢印", "class": "fas fa-arrow-right", "keywords": ["arrow", "next", "forward", "やじるし", "進む", "次へ"] },
        { "name": "上矢印", "category": "矢印", "class": "fas fa-arrow-up", "keywords": ["arrow", "up", "やじるし", "上へ"] },
        { "name": "下矢印", "category": "矢印", "class": "fas fa-arrow-down", "keywords": ["arrow", "down", "やじるし", "下へ"] },
        { "name": "回転矢印", "category": "矢印", "class": "fas fa-arrows-rotate", "keywords": ["rotate", "spin", "refresh", "回転", "スピン", "更新"] },
        { "name": "ダブル左矢印", "category": "矢印", "class": "fas fa-angle-double-left", "keywords": ["arrow", "back", "start", "やじるし", "最初へ"] },
        { "name": "ダブル右矢印", "category": "矢印", "class": "fas fa-angle-double-right", "keywords": ["arrow", "next", "end", "やじるし", "最後へ"] },
        { "name": "ダブル上矢印", "category": "矢印", "class": "fas fa-angle-double-up", "keywords": ["arrow", "up", "top", "やじるし", "一番上へ"] },
        { "name": "ダブル下矢印", "category": "矢印", "class": "fas fa-angle-double-down", "keywords": ["arrow", "down", "bottom", "やじるし", "一番下へ"] },
        { "name": "矢印円(右)", "category": "矢印", "class": "fas fa-arrow-circle-right", "keywords": ["arrow", "next", "circle", "やじるし", "次へ"] },
        { "name": "シェブロン左", "category": "矢印", "class": "fas fa-chevron-left", "keywords": ["arrow", "back", "previous", "やじるし", "戻る"] },
        { "name": "シェブロン右", "category": "矢印", "class": "fas fa-chevron-right", "keywords": ["arrow", "next", "forward", "やじるし", "進む"] },
        { "name": "シェブロン上", "category": "矢印", "class": "fas fa-chevron-up", "keywords": ["arrow", "up", "やじるし", "上へ"] },
        { "name": "シェブロン下", "category": "矢印", "class": "fas fa-chevron-down", "keywords": ["arrow", "down", "やじるし", "下へ"] },
        { "name": "リピート", "category": "矢印", "class": "fas fa-repeat", "keywords": ["repeat", "loop", "りぴーと", "繰り返し"] },
        { "name": "リドゥ", "category": "矢印", "class": "fas fa-redo", "keywords": ["redo", "forward", "やり直し"] },
        { "name": "アンドゥ", "category": "矢印", "class": "fas fa-undo", "keywords": ["undo", "back", "元に戻す"] },
        { "name": "ブリーフケース", "category": "ビジネス・金融", "class": "fas fa-briefcase", "keywords": ["work", "business", "office", "仕事", "ビジネス", "オフィス"] },
        { "name": "折れ線グラフ", "category": "ビジネス・金融", "class": "fas fa-chart-line", "keywords": ["graph", "analytics", "data", "グラフ", "分析", "データ"] },
        { "name": "円グラフ", "category": "ビジネス・金融", "class": "fas fa-chart-pie", "keywords": ["graph", "analytics", "data", "グラフ", "分析", "データ"] },
        { "name": "ビル", "category": "ビジネス・金融", "class": "fas fa-building", "keywords": ["company", "office", "work", "会社", "オフィス", "仕事"] },
        { "name": "拡声器", "category": "ビジネス・金融", "class": "fas fa-bullhorn", "keywords": ["announcement", "megaphone", "share", "お知らせ", "メガホン", "共有"] },
        { "name": "ショッピングカート", "category": "ビジネス・金融", "class": "fas fa-shopping-cart", "keywords": ["buy", "purchase", "store", "買う", "購入", "店"] },
        { "name": "クレジットカード", "category": "ビジネス・金融", "class": "fas fa-credit-card", "keywords": ["payment", "buy", "purchase", "支払い", "買う", "購入"] },
        { "name": "円マーク", "category": "ビジネス・金融", "class": "fas fa-yen-sign", "keywords": ["money", "currency", "japan", "お金", "通貨", "日本"] },
        { "name": "ドルマーク", "category": "ビジネス・金融", "class": "fas fa-dollar-sign", "keywords": ["money", "currency", "usa", "お金", "通貨", "アメリカ"] },
        { "name": "棒グラフ", "category": "ビジネス・金融", "class": "fas fa-chart-bar", "keywords": ["graph", "analytics", "data", "グラフ", "分析", "データ"] },
        { "name": "財布", "category": "ビジネス・金融", "class": "fas fa-wallet", "keywords": ["money", "cash", "payment", "お金", "現金", "支払い"] },
        { "name": "請求書", "category": "ビジネス・金融", "class": "fas fa-file-invoice", "keywords": ["bill", "payment", "receipt", "請求", "支払い", "レシート"] },
        { "name": "パーセント", "category": "ビジネス・金融", "class": "fas fa-percentage", "keywords": ["discount", "rate", "sale", "割引", "率", "セール"] },
        { "name": "電卓", "category": "ビジネス・金融", "class": "fas fa-calculator", "keywords": ["math", "calculation", "numbers", "数学", "計算", "数字"] },
        { "name": "コメント", "category": "コミュニケーション", "class": "fas fa-comment", "keywords": ["chat", "message", "talk", "チャット", "メッセージ", "話す"] },
        { "name": "複数コメント", "category": "コミュニケーション", "class": "fas fa-comments", "keywords": ["chat", "discussion", "talk", "チャット", "議論", "話す"] },
        { "name": "電話", "category": "コミュニケーション", "class": "fas fa-phone", "keywords": ["call", "contact", "number", "電話", "連絡", "番号"] },
        { "name": "アットマーク", "category": "コミュニケーション", "class": "fas fa-at", "keywords": ["email", "mention", "contact", "メール", "メンション", "連絡"] },
        { "name": "メール", "category": "コミュニケーション", "class": "fas fa-envelope-open", "keywords": ["email", "message", "inbox", "メール", "メッセージ", "受信箱"] },
        { "name": "チャット", "category": "コミュニケーション", "class": "fas fa-comment-dots", "keywords": ["chat", "message", "discussion", "チャット", "メッセージ", "議論"] },
        { "name": "マイク", "category": "コミュニケーション", "class": "fas fa-microphone", "keywords": ["record", "voice", "sound", "録音", "音声", "音"] },
        { "name": "ビデオ", "category": "コミュニケーション", "class": "fas fa-video", "keywords": ["record", "movie", "camera", "録画", "映画", "カメラ"] },
        { "name": "モバイル", "category": "コミュニケーション", "class": "fas fa-mobile-alt", "keywords": ["phone", "device", "smartphone", "電話", "デバイス", "スマホ"] },
        { "name": "PC", "category": "コミュニケーション", "class": "fas fa-desktop", "keywords": ["computer", "device", "monitor", "コンピュータ", "デバイス", "モニター"] },
        { "name": "タブレット", "category": "コミュニケーション", "class": "fas fa-tablet-alt", "keywords": ["device", "ipad", "たぶれっと", "デバイス"] },
        { "name": "SNS", "category": "コミュニケーション", "class": "fas fa-hashtag", "keywords": ["social", "tag", "twitter", "ソーシャル", "タグ", "ツイッター"] },
        { "name": "FAX", "category": "コミュニケーション", "class": "fas fa-fax", "keywords": ["phone", "document", "ふぁっくす", "電話", "書類"] },
        { "name": "Wi-Fi", "category": "コミュニケーション", "class": "fas fa-wifi", "keywords": ["wifi", "wireless", "internet", "ワイファイ", "無線"] },
        { "name": "パレット", "category": "デザイン・編集", "class": "fas fa-palette", "keywords": ["color", "design", "paint", "色", "デザイン", "ペイント"] },
        { "name": "ペンと定規", "category": "デザイン・編集", "class": "fas fa-pen-ruler", "keywords": ["design", "draw", "tools", "デザイン", "描く", "道具"] },
        { "name": "オブジェクトグループ", "category": "デザイン・編集", "class": "fas fa-object-group", "keywords": ["design", "group", "combine", "デザイン", "グループ", "結合"] },
        { "name": "切り抜き", "category": "デザイン・編集", "class": "fas fa-crop", "keywords": ["edit", "image", "design", "編集", "画像", "デザイン"] },
        { "name": "レイヤーグループ", "category": "デザイン・編集", "class": "fas fa-layer-group", "keywords": ["design", "layers", "stack", "デザイン", "レイヤー", "重ねる"] },
        { "name": "ブラシ", "category": "デザイン・編集", "class": "fas fa-paint-brush", "keywords": ["paint", "draw", "art", "ペイント", "描く", "アート"] },
        { "name": "消しゴム", "category": "デザイン・編集", "class": "fas fa-eraser", "keywords": ["delete", "remove", "clear", "削除", "消去", "クリア"] },
        { "name": "色見本", "category": "デザイン・編集", "class": "fas fa-eye-dropper", "keywords": ["color", "picker", "design", "色", "選択", "デザイン"] },
        { "name": "ペン先", "category": "デザイン・編集", "class": "fas fa-pen-nib", "keywords": ["pen", "write", "draw", "ペン", "書く", "描く"] },
        { "name": "テキストの高さ", "category": "デザイン・編集", "class": "fas fa-text-height", "keywords": ["font", "text", "edit", "フォント", "テキスト", "編集"] },
        { "name": "テキストの幅", "category": "デザイン・編集", "class": "fas fa-text-width", "keywords": ["font", "text", "edit", "フォント", "テキスト", "編集"] },
        { "name": "太字", "category": "デザイン・編集", "class": "fas fa-bold", "keywords": ["font", "text", "style", "フォント", "テキスト", "スタイル"] },
        { "name": "イタリック", "category": "デザイン・編集", "class": "fas fa-italic", "keywords": ["font", "text", "style", "フォント", "テキスト", "スタイル"] },
        { "name": "下線", "category": "デザイン・編集", "class": "fas fa-underline", "keywords": ["font", "text", "style", "フォント", "テキスト", "スタイル"] },
        { "name": "打ち消し線", "category": "デザイン・編集", "class": "fas fa-strikethrough", "keywords": ["font", "text", "style", "フォント", "テキスト", "スタイル"] },
        { "name": "インデント", "category": "デザイン・編集", "class": "fas fa-indent", "keywords": ["text", "align", "format", "テキスト", "配置", "フォーマット"] },
        { "name": "アウトデント", "category": "デザイン・編集", "class": "fas fa-outdent", "keywords": ["text", "align", "format", "テキスト", "配置", "フォーマット"] },
        { "name": "リスト", "category": "デザイン・編集", "class": "fas fa-list", "keywords": ["ul", "ol", "todo", "リスト", "箇条書き"] },
        { "name": "箇条書きリスト", "category": "デザイン・編集", "class": "fas fa-list-ul", "keywords": ["ul", "list", "todo", "リスト", "箇条書き"] },
        { "name": "番号付きリスト", "category": "デザイン・編集", "class": "fas fa-list-ol", "keywords": ["ol", "list", "numbers", "リスト", "番号"] },
        { "name": "食器", "category": "食べ物", "class": "fas fa-utensils", "keywords": ["food", "eat", "restaurant", "食べ物", "食べる", "レストラン"] },
        { "name": "カクテルグラス", "category": "食べ物", "class": "fas fa-martini-glass-citrus", "keywords": ["drink", "bar", "alcohol", "飲み物", "バー", "アルコール"] },
        { "name": "ピザ", "category": "食べ物", "class": "fas fa-pizza-slice", "keywords": ["food", "eat", "italian", "食べ物", "食べる", "イタリアン"] },
        { "name": "ハンバーガー", "category": "食べ物", "class": "fas fa-burger", "keywords": ["food", "eat", "fastfood", "食べ物", "食べる", "ファストフード"] },
        { "name": "アイスクリーム", "category": "食べ物", "class": "fas fa-ice-cream", "keywords": ["dessert", "sweet", "food", "デザート", "甘い", "食べ物"] },
        { "name": "コーヒー", "category": "食べ物", "class": "fas fa-coffee", "keywords": ["drink", "cafe", "morning", "飲み物", "カフェ", "朝"] },
        { "name": "ケーキ", "category": "食べ物", "class": "fas fa-birthday-cake", "keywords": ["dessert", "sweet", "party", "デザート", "甘い", "パーティー"] },
        { "name": "りんご", "category": "食べ物", "class": "fas fa-apple-alt", "keywords": ["fruit", "food", "healthy", "果物", "食べ物", "健康"] },
        { "name": "ビール", "category": "食べ物", "class": "fas fa-beer-mug-empty", "keywords": ["drink", "bar", "alcohol", "飲み物", "バー", "アルコール"] },
        { "name": "ワイングラス", "category": "食べ物", "class": "fas fa-wine-glass", "keywords": ["drink", "bar", "alcohol", "飲み物", "バー", "アルコール"] },
        { "name": "飛行機", "category": "旅行", "class": "fas fa-plane", "keywords": ["travel", "fly", "airport", "旅行", "飛ぶ", "空港"] },
        { "name": "車", "category": "旅行", "class": "fas fa-car", "keywords": ["travel", "drive", "vehicle", "旅行", "運転", "乗り物"] },
        { "name": "船", "category": "旅行", "class": "fas fa-ship", "keywords": ["travel", "sea", "boat", "旅行", "海", "ボート"] },
        { "name": "地球", "category": "旅行", "class": "fas fa-earth-americas", "keywords": ["travel", "world", "map", "旅行", "世界", "地図"] },
        { "name": "地図(マーカー)", "category": "旅行", "class": "fas fa-map-location-dot", "keywords": ["travel", "location", "place", "旅行", "場所", "位置"] },
        { "name": "ホテル", "category": "旅行", "class": "fas fa-hotel", "keywords": ["travel", "stay", "accommodation", "旅行", "滞在", "宿泊"] },
        { "name": "バス", "category": "旅行", "class": "fas fa-bus", "keywords": ["travel", "transport", "vehicle", "旅行", "交通", "乗り物"] },
        { "name": "電車", "category": "旅行", "class": "fas fa-train", "keywords": ["travel", "transport", "railway", "旅行", "交通", "鉄道"] },
        { "name": "タクシー", "category": "旅行", "class": "fas fa-taxi", "keywords": ["travel", "transport", "car", "旅行", "交通", "車"] },
        { "name": "山", "category": "旅行", "class": "fas fa-mountain", "keywords": ["travel", "nature", "hike", "旅行", "自然", "ハイキング"] },
        { "name": "スーツケース", "category": "旅行", "class": "fas fa-suitcase", "keywords": ["travel", "baggage", "trip", "旅行", "荷物", "旅"] },
        { "name": "ガソリンスタンド", "category": "旅行", "class": "fas fa-gas-pump", "keywords": ["car", "fuel", "station", "車", "燃料", "スタンド"] },
        { "name": "太陽", "category": "天気", "class": "fas fa-sun", "keywords": ["weather", "sunny", "light", "天気", "晴れ", "光"] },
        { "name": "月", "category": "天気", "class": "fas fa-moon", "keywords": ["weather", "night", "dark", "天気", "夜", "暗い"] },
        { "name": "雪の結晶", "category": "天気", "class": "fas fa-snowflake", "keywords": ["weather", "winter", "cold", "天気", "冬", "寒い"] },
        { "name": "雷", "category": "天気", "class": "fas fa-cloud-bolt", "keywords": ["weather", "storm", "thunder", "天気", "嵐", "かみなり"] },
        { "name": "風", "category": "天気", "class": "fas fa-wind", "keywords": ["weather", "blow", "air", "天気", "吹く", "空気"] },
        { "name": "雨", "category": "天気", "class": "fas fa-cloud-showers-heavy", "keywords": ["weather", "rain", "storm", "天気", "あめ", "嵐"] },
        { "name": "虹", "category": "天気", "class": "fas fa-rainbow", "keywords": ["weather", "sky", "color", "天気", "空", "色"] },
        { "name": "温度計", "category": "天気", "class": "fas fa-temperature-half", "keywords": ["weather", "temperature", "hot", "cold", "天気", "温度", "暑い", "寒い"] },
        { "name": "再生", "category": "メディア・再生", "class": "fas fa-play", "keywords": ["media", "start", "music", "video", "メディア", "開始", "音楽", "動画"] },
        { "name": "一時停止", "category": "メディア・再生", "class": "fas fa-pause", "keywords": ["media", "hold", "music", "video", "メディア", "保留", "音楽", "動画"] },
        { "name": "停止", "category": "メディア・再生", "class": "fas fa-stop", "keywords": ["media", "end", "music", "video", "メディア", "終了", "音楽", "動画"] },
        { "name": "次へ", "category": "メディア・再生", "class": "fas fa-forward", "keywords": ["media", "next", "skip", "メディア", "次", "スキップ"] },
        { "name": "前へ", "category": "メディア・再生", "class": "fas fa-backward", "keywords": ["media", "previous", "skip", "メディア", "前", "スキップ"] },
        { "name": "早送り", "category": "メディア・再生", "class": "fas fa-fast-forward", "keywords": ["media", "next", "speed", "メディア", "次", "速度"] },
        { "name": "巻き戻し", "category": "メディア・再生", "class": "fas fa-fast-backward", "keywords": ["media", "previous", "speed", "メディア", "前", "速度"] },
        { "name": "シャッフル", "category": "メディア・再生", "class": "fas fa-random", "keywords": ["media", "music", "mix", "メディア", "音楽", "ミックス"] },
        { "name": "音量大", "category": "メディア・再生", "class": "fas fa-volume-up", "keywords": ["media", "sound", "music", "メディア", "音", "音楽"] },
        { "name": "音量小", "category": "メディア・再生", "class": "fas fa-volume-down", "keywords": ["media", "sound", "music", "メディア", "音", "音楽"] },
        { "name": "ミュート", "category": "メディア・再生", "class": "fas fa-volume-mute", "keywords": ["media", "sound", "silent", "メディア", "音", "無音"] },
        { "name": "全画面", "category": "メディア・再生", "class": "fas fa-expand", "keywords": ["media", "video", "fullscreen", "メディア", "動画", "フルスクリーン"] },
        { "name": "画面縮小", "category": "メディア・再生", "class": "fas fa-compress", "keywords": ["media", "video", "exit-fullscreen", "メディア", "動画", "フルスクリーン解除"] },
        { "name": "音楽", "category": "モノ・オブジェクト", "class": "fas fa-music", "keywords": ["sound", "note", "song", "音", "音符", "歌"] },
        { "name": "ゲーム", "category": "モノ・オブジェクト", "class": "fas fa-gamepad", "keywords": ["play", "controller", "console", "遊ぶ", "コントローラー", "コンソール"] },
        { "name": "トロフィー", "category": "モノ・オブジェクト", "class": "fas fa-trophy", "keywords": ["award", "winner", "prize", "賞", "勝者", "景品"] },
        { "name": "卒業帽", "category": "モノ・オブジェクト", "class": "fas fa-graduation-cap", "keywords": ["school", "education", "student", "学校", "教育", "学生"] },
        { "name": "傘", "category": "モノ・オブジェクト", "class": "fas fa-umbrella", "keywords": ["rain", "weather", "protection", "雨", "天気", "保護"] },
        { "name": "自転車", "category": "モノ・オブジェクト", "class": "fas fa-bicycle", "keywords": ["bike", "ride", "transport", "バイク", "乗る", "交通"] },
        { "name": "車椅子", "category": "モノ・オブジェクト", "class": "fas fa-wheelchair", "keywords": ["disability", "access", "care", "障害", "アクセス", "介護"] },
        { "name": "錨", "category": "モノ・オブジェクト", "class": "fas fa-anchor", "keywords": ["ship", "sea", "boat", "船", "海", "ボート"] },
        { "name": "磁石", "category": "モノ・オブジェクト", "class": "fas fa-magnet", "keywords": ["attract", "pull", "science", "引きつける", "引く", "科学"] },
        { "name": "爆弾", "category": "モノ・オブジェクト", "class": "fas fa-bomb", "keywords": ["explode", "danger", "warning", "爆発", "危険", "警告"] },
        { "name": "ファイル", "category": "ファイル", "class": "fas fa-file", "keywords": ["document", "page", "text", "書類", "ページ", "テキスト"] },
        { "name": "ファイル(テキスト)", "category": "ファイル", "class": "fas fa-file-alt", "keywords": ["document", "text", "page", "書類", "テキスト", "ページ"] },
        { "name": "ファイル(コード)", "category": "ファイル", "class": "fas fa-file-code", "keywords": ["code", "programming", "script", "コード", "プログラミング", "スクリプト"] },
        { "name": "ファイル(画像)", "category": "ファイル", "class": "fas fa-file-image", "keywords": ["image", "photo", "picture", "画像", "写真"] },
        { "name": "ファイル(音声)", "category": "ファイル", "class": "fas fa-file-audio", "keywords": ["audio", "sound", "music", "音声", "音", "音楽"] },
        { "name": "ファイル(動画)", "category": "ファイル", "class": "fas fa-file-video", "keywords": ["video", "movie", "media", "動画", "映画", "メディア"] },
        { "name": "ファイル(PDF)", "category": "ファイル", "class": "fas fa-file-pdf", "keywords": ["document", "adobe", "file", "書類", "アドビ", "ファイル"] },
        { "name": "ファイル(ZIP)", "category": "ファイル", "class": "fas fa-file-archive", "keywords": ["zip", "compress", "file", "圧縮", "ファイル"] },
        { "name": "フォルダ", "category": "ファイル", "class": "fas fa-folder", "keywords": ["directory", "files", "storage", "ディレクトリ", "ファイル", "ストレージ"] },
        { "name": "フォルダを開く", "category": "ファイル", "class": "fas fa-folder-open", "keywords": ["directory", "files", "load", "ディレクトリ", "ファイル", "読み込み"] },
        { "name": "笑顔", "category": "絵文字", "class": "fas fa-face-smile", "keywords": ["emoji", "happy", "face", "絵文字", "嬉しい", "顔"] },
        { "name": "爆笑", "category": "絵文字", "class": "fas fa-face-laugh", "keywords": ["emoji", "lol", "happy", "絵文字", "笑", "嬉しい"] },
        { "name": "ウィンク", "category": "絵文字", "class": "fas fa-face-grin-wink", "keywords": ["emoji", "wink", "face", "絵文字", "ウィンク", "顔"] },
        { "name": "泣き顔", "category": "絵文字", "class": "fas fa-face-sad-tear", "keywords": ["emoji", "sad", "cry", "絵文字", "悲しい", "泣く"] },
        { "name": "怒り顔", "category": "絵文字", "class": "fas fa-face-angry", "keywords": ["emoji", "mad", "angry", "絵文字", "怒る"] },
        { "name": "驚き顔", "category": "絵文字", "class": "fas fa-face-surprise", "keywords": ["emoji", "wow", "shock", "絵文字", "驚き"] },
        { "name": "無表情", "category": "絵文字", "class": "fas fa-face-meh", "keywords": ["emoji", "neutral", "face", "絵文字", "無表情", "顔"] },
        { "name": "しかめ面", "category": "絵文字", "class": "fas fa-face-frown", "keywords": ["emoji", "sad", "face", "絵文字", "悲しい", "顔"] },
        { "name": "ユーザー(複数)", "category": "ユーザー・人", "class": "fas fa-users", "keywords": ["people", "group", "team", "人々", "グループ", "チーム"] },
        { "name": "ユーザー(追加)", "category": "ユーザー・人", "class": "fas fa-user-plus", "keywords": ["add", "new", "user", "追加", "新規", "ユーザー"] },
        { "name": "ユーザー(削除)", "category": "ユーザー・人", "class": "fas fa-user-minus", "keywords": ["delete", "remove", "user", "削除", "ユーザー"] },
        { "name": "ユーザー(チェック)", "category": "ユーザー・人", "class": "fas fa-user-check", "keywords": ["approve", "verified", "user", "承認", "確認済み", "ユーザー"] },
        { "name": "ユーザー(歯車)", "category": "ユーザー・人", "class": "fas fa-user-cog", "keywords": ["settings", "admin", "user", "設定", "管理者", "ユーザー"] },
        { "name": "ユーザー(医者)", "category": "ユーザー・人", "class": "fas fa-user-md", "keywords": ["doctor", "medical", "health", "医者", "医療", "健康"] },
        { "name": "ユーザー(忍者)", "category": "ユーザー・人", "class": "fas fa-user-ninja", "keywords": ["ninja", "stealth", "user", "忍者", "隠密", "ユーザー"] },
        { "name": "子供", "category": "ユーザー・人", "class": "fas fa-child", "keywords": ["kid", "person", "human", "子供", "人", "人間"] },
        { "name": "ハートビート", "category": "医療", "class": "fas fa-heartbeat", "keywords": ["health", "medical", "pulse", "健康", "医療", "脈拍"] },
        { "name": "聴診器", "category": "医療", "class": "fas fa-stethoscope", "keywords": ["doctor", "medical", "health", "医者", "医療", "健康"] },
        { "name": "救急車", "category": "医療", "class": "fas fa-ambulance", "keywords": ["emergency", "medical", "help", "緊急", "医療", "助け"] },
        { "name": "病院", "category": "医療", "class": "fas fa-hospital", "keywords": ["medical", "doctor", "clinic", "医療", "医者", "クリニック"] },
        { "name": "薬", "category": "医療", "class": "fas fa-pills", "keywords": ["medicine", "drug", "health", "薬", "健康"] },
        { "name": "注射器", "category": "医療", "class": "fas fa-syringe", "keywords": ["medical", "vaccine", "shot", "医療", "ワクチン", "注射"] },
        { "name": "脳", "category": "医療", "class": "fas fa-brain", "keywords": ["mind", "think", "intelligent", "心", "考える", "知的"] },
        { "name": "歯", "category": "医療", "class": "fas fa-tooth", "keywords": ["dentist", "medical", "clean", "歯医者", "医療", "清潔"] },
        { "name": "Twitter", "category": "ブランドロゴ", "class": "fab fa-twitter", "keywords": ["social", "tweet", "sns"] },
        { "name": "Facebook", "category": "ブランドロゴ", "class": "fab fa-facebook", "keywords": ["social", "like", "sns"] },
        { "name": "Instagram", "category": "ブランドロゴ", "class": "fab fa-instagram", "keywords": ["social", "photo", "sns"] },
        { "name": "YouTube", "category": "ブランドロゴ", "class": "fab fa-youtube", "keywords": ["video", "play", "sns"] },
        { "name": "LinkedIn", "category": "ブランドロゴ", "class": "fab fa-linkedin", "keywords": ["social", "work", "sns"] },
        { "name": "GitHub", "category": "ブランドロゴ", "class": "fab fa-github", "keywords": ["code", "developer", "git"] },
        { "name": "Apple", "category": "ブランドロゴ", "class": "fab fa-apple", "keywords": ["iphone", "mac", "os"] },
        { "name": "Android", "category": "ブランドロゴ", "class": "fab fa-android", "keywords": ["mobile", "os", "google"] },
        { "name": "Windows", "category": "ブランドロゴ", "class": "fab fa-windows", "keywords": ["microsoft", "os", "pc"] },
        { "name": "Amazon", "category": "ブランドロゴ", "class": "fab fa-amazon", "keywords": ["shopping", "aws", "store"] },
        { "name": "Google", "category": "ブランドロゴ", "class": "fab fa-google", "keywords": ["search", "android", "chrome"] },
        { "name": "PayPal", "category": "ブランドロゴ", "class": "fab fa-paypal", "keywords": ["payment", "money", "buy"] },
        { "name": "Slack", "category": "ブランドロゴ", "class": "fab fa-slack", "keywords": ["chat", "team", "work"] },
        { "name": "WordPress", "category": "ブランドロゴ", "class": "fab fa-wordpress", "keywords": ["blog", "cms", "web"] }
    ],
    "materialIcons": [
        { "name": "ホーム", "category": "一般", "class": "home", "keywords": ["home", "house", "いえ", "うち"] },
        { "name": "検索", "category": "一般", "class": "search", "keywords": ["find", "lookup", "探す", "調べる"] },
        { "name": "設定", "category": "一般", "class": "settings", "keywords": ["options", "controls", "gear", "オプション", "歯車"] },
        { "name": "情報", "category": "一般", "class": "info", "keywords": ["information", "details", "help", "詳細", "ヘルプ"] },
        { "name": "警告", "category": "一般", "class": "warning", "keywords": ["alert", "caution", "danger", "注意", "危険"] },
        { "name": "エラー", "category": "一般", "class": "error", "keywords": ["wrong", "issue", "problem", "間違い", "問題"] },
        { "name": "チェック", "category": "一般", "class": "check_circle", "keywords": ["ok", "done", "complete", "完了"] },
        { "name": "閉じる", "category": "一般", "class": "close", "keywords": ["exit", "cancel", "window", "終了", "キャンセル", "ウィンドウ"] },
        { "name": "削除", "category": "一般", "class": "delete", "keywords": ["trash", "remove", "bin", "ゴミ箱", "消去"] },
        { "name": "編集", "category": "一般", "class": "edit", "keywords": ["pen", "write", "change", "ペン", "書く", "変更"] },
        { "name": "メール", "category": "コミュニケーション", "class": "mail", "keywords": ["email", "message", "send", "メッセージ", "送信"] },
        { "name": "電話", "category": "コミュニケーション", "class": "phone", "keywords": ["call", "contact", "number", "連絡", "番号"] },
        { "name": "チャット", "category": "コミュニケーション", "class": "chat", "keywords": ["message", "talk", "conversation", "メッセージ", "会話"] },
        { "name": "ビデオカメラ", "category": "コミュニケーション", "class": "videocam", "keywords": ["video", "camera", "record", "動画", "カメラ", "録画"] },
        { "name": "写真", "category": "メディア", "class": "photo", "keywords": ["image", "picture", "gallery", "画像", "ギャラリー"] },
        { "name": "画像", "category": "メディア", "class": "image", "keywords": ["photo", "picture", "gallery", "写真", "ギャラリー"] },
        { "name": "動画", "category": "メディア", "class": "movie", "keywords": ["video", "film", "cinema", "映像", "映画"] },
        { "name": "音楽", "category": "メディア", "class": "music_note", "keywords": ["sound", "song", "audio", "音", "歌", "オーディオ"] },
        { "name": "プレイ", "category": "メディア", "class": "play_arrow", "keywords": ["start", "run", "begin", "開始", "実行"] },
        { "name": "一時停止", "category": "メディア", "class": "pause", "keywords": ["hold", "wait", "stop", "保留", "待つ", "停止"] },
        { "name": "停止", "category": "メディア", "class": "stop", "keywords": ["end", "finish", "halt", "終了", "完了"] },
        { "name": "ダウンロード", "category": "ファイル", "class": "download", "keywords": ["save", "get", "file", "保存", "取得", "ファイル"] },
        { "name": "アップロード", "category": "ファイル", "class": "upload", "keywords": ["send", "put", "file", "送信", "配置", "ファイル"] },
        { "name": "フォルダ", "category": "ファイル", "class": "folder", "keywords": ["directory", "container", "files", "ディレクトリ", "コンテナ", "ファイル"] },
        { "name": "ドキュメント", "category": "ファイル", "class": "description", "keywords": ["file", "text", "document", "ファイル", "テキスト", "書類"] },
        { "name": "カレンダー", "category": "日付と時刻", "class": "calendar_today", "keywords": ["date", "schedule", "event", "日付", "スケジュール", "イベント"] },
        { "name": "時計", "category": "日付と時刻", "class": "access_time", "keywords": ["time", "clock", "hour", "時間", "とけい", "時"] },
        { "name": "場所", "category": "マップ", "class": "place", "keywords": ["location", "map", "address", "位置", "地図", "住所"] },
        { "name": "ナビ", "category": "マップ", "class": "navigation", "keywords": ["map", "route", "direction", "地図", "ルート", "方向"] },
        { "name": "バス", "category": "交通", "class": "directions_bus", "keywords": ["transport", "vehicle", "public", "交通", "乗り物", "公共"] },
        { "name": "車", "category": "交通", "class": "directions_car", "keywords": ["transport", "vehicle", "drive", "交通", "乗り物", "運転"] },
        { "name": "電車", "category": "交通", "class": "directions_railway", "keywords": ["transport", "train", "subway", "交通", "列車", "地下鉄"] },
        { "name": "フライト", "category": "交通", "class": "flight", "keywords": ["plane", "airport", "travel", "飛行機", "空港", "旅行"] },
        { "name": "ショッピングカート", "category": "Eコマース", "class": "shopping_cart", "keywords": ["buy", "store", "purchase", "買う", "店", "購入"] },
        { "name": "支払い", "category": "Eコマース", "class": "payment", "keywords": ["money", "credit-card", "buy", "お金", "クレジットカード", "買う"] },
        { "name": "アチーブメント", "category": "アチーブメント", "class": "stars", "keywords": ["award", "reward", "goal", "賞", "報酬", "目標"] },
        { "name": "トロフィー", "category": "アチーブメント", "class": "emoji_events", "keywords": ["award", "winner", "prize", "賞", "勝者", "景品"] },
        { "name": "ギフト", "category": "アチーブメント", "class": "card_giftcard", "keywords": ["present", "box", "reward", "プレゼント", "箱", "報酬"] },
        { "name": "イベント", "category": "イベント", "class": "event", "keywords": ["calendar", "date", "party", "カレンダー", "日付", "パーティー"] },
        { "name": "通知", "category": "通知", "class": "notifications", "keywords": ["alert", "bell", "reminder", "アラート", "ベル", "リマインダー"] },
        { "name": "アラーム", "category": "通知", "class": "alarm", "keywords": ["clock", "time", "wakeup", "時計", "時間", "起床"] },
        { "name": "バッテリー", "category": "デバイス", "class": "battery_full", "keywords": ["power", "charge", "energy", "電源", "充電", "エネルギー"] },
        { "name": "Wi-Fi", "category": "デバイス", "class": "wifi", "keywords": ["wifi", "wireless", "internet", "ワイファイ", "無線"] },
        { "name": "Bluetooth", "category": "デバイス", "class": "bluetooth", "keywords": ["connect", "wireless", "device", "接続", "無線", "デバイス"] },
        { "name": "明るさ", "category": "画像調整", "class": "brightness_6", "keywords": ["light", "dark", "sun", "moon", "光", "闇", "太陽", "月"] },
        { "name": "コントラスト", "category": "画像調整", "class": "contrast", "keywords": ["image", "edit", "filter", "画像", "編集", "フィルター"] },
        { "name": "彩度", "category": "画像調整", "class": "saturation_on", "keywords": ["color", "image", "edit", "色", "画像", "編集"] },
        { "name": "フィルター", "category": "画像調整", "class": "filter_vintage", "keywords": ["image", "edit", "effect", "画像", "編集", "エフェクト"] },
        { "name": "農場", "category": "自然", "class": "grass", "keywords": ["nature", "plant", "field", "自然", "植物", "畑"] },
        { "name": "山", "category": "自然", "class": "landscape", "keywords": ["nature", "mountain", "view", "自然", "やま", "景色"] },
        { "name": "木", "category": "自然", "class": "forest", "keywords": ["nature", "tree", "wood", "自然", "き", "森"] },
        { "name": "太陽", "category": "天気", "class": "wb_sunny", "keywords": ["weather", "light", "day", "天気", "光", "昼"] },
        { "name": "雲", "category": "天気", "class": "cloud", "keywords": ["weather", "sky", "overcast", "天気", "空", "曇り"] },
        { "name": "雨", "category": "天気", "class": "umbrella", "keywords": ["weather", "rain", "wet", "天気", "あめ", "濡れる"] },
        { "name": "雪", "category": "天気", "class": "ac_unit", "keywords": ["weather", "snow", "winter", "天気", "ゆき", "冬"] },
        { "name": "嵐", "category": "天気", "class": "flash_on", "keywords": ["weather", "storm", "thunder", "天気", "あらし", "雷"] },
        { "name": "心臓", "category": "ヘルスケア", "class": "favorite", "keywords": ["health", "love", "life", "健康", "愛", "命"] },
        { "name": "医療", "category": "ヘルスケア", "class": "local_hospital", "keywords": ["health", "doctor", "clinic", "健康", "医者", "クリニック"] },
        { "name": "救急車", "category": "ヘルスケア", "class": "ambulance", "keywords": ["health", "emergency", "car", "健康", "緊急", "車"] },
        { "name": "薬", "category": "ヘルスケア", "class": "medical_services", "keywords": ["health", "medicine", "pill", "健康", "くすり", "錠剤"] },
        { "name": "レシピ", "category": "調理", "class": "restaurant_menu", "keywords": ["food", "cook", "eat", "食べ物", "料理", "食べる"] },
        { "name": "調理器具", "category": "調理", "class": "kitchen", "keywords": ["food", "cook", "tool", "食べ物", "料理", "道具"] },
        { "name": "カフェ", "category": "調理", "class": "local_cafe", "keywords": ["food", "drink", "coffee", "食べ物", "飲み物", "コーヒー"] },
        { "name": "バー", "category": "調理", "class": "local_bar", "keywords": ["food", "drink", "alcohol", "食べ物", "飲み物", "アルコール"] },
        { "name": "スポーツ", "category": "スポーツ", "class": "sports_soccer", "keywords": ["game", "play", "ball", "ゲーム", "遊ぶ", "ボール"] },
        { "name": "フィットネス", "category": "スポーツ", "class": "fitness_center", "keywords": ["health", "gym", "workout", "健康", "ジム", "ワークアウト"] },
        { "name": "ランニング", "category": "スポーツ", "class": "directions_run", "keywords": ["health", "sport", "jogging", "健康", "スポーツ", "ジョギング"] },
        { "name": "自転車", "category": "スポーツ", "class": "directions_bike", "keywords": ["health", "sport", "cycling", "健康", "スポーツ", "サイクリング"] },
        { "name": "犬", "category": "動物", "class": "pets", "keywords": ["animal", "dog", "friend", "動物", "いぬ", "友達"] },
        { "name": "猫", "category": "動物", "class": "cat", "keywords": ["animal", "pet", "kitty", "動物", "ペット", "子猫"] },
        { "name": "鳥", "category": "動物", "class": "bird", "keywords": ["animal", "fly", "sky", "動物", "飛ぶ", "空"] },
        { "name": "魚", "category": "動物", "class": "fish", "keywords": ["animal", "sea", "water", "動物", "海", "水"] },
        { "name": "ロケット", "category": "サイエンス", "class": "rocket", "keywords": ["space", "fly", "ship", "宇宙", "飛ぶ", "船"] },
        { "name": "フラスコ", "category": "サイエンス", "class": "science", "keywords": ["chemistry", "lab", "experiment", "化学", "研究室", "実験"] },
        { "name": "電球", "category": "サイエンス", "class": "lightbulb", "keywords": ["idea", "think", "light", "アイデア", "考える", "光"] },
        { "name": "虫眼鏡", "category": "サイエンス", "class": "search", "keywords": ["find", "research", "look", "見つける", "研究", "見る"] },
        { "name": "電卓", "category": "ビジネス", "class": "calculate", "keywords": ["math", "number", "count", "数学", "数字", "数える"] },
        { "name": "ポートフォリオ", "category": "ビジネス", "class": "work", "keywords": ["job", "case", "bag", "仕事", "ケース", "バッグ"] },
        { "name": "会議", "category": "ビジネス", "class": "meeting_room", "keywords": ["team", "talk", "office", "チーム", "話す", "オフィス"] },
        { "name": "プレゼンテーション", "category": "ビジネス", "class": "slideshow", "keywords": ["talk", "slide", "meeting", "話す", "スライド", "会議"] },
        { "name": "学校", "category": "教育", "class": "school", "keywords": ["learn", "study", "student", "学ぶ", "勉強", "学生"] },
        { "name": "本", "category": "教育", "class": "book", "keywords": ["read", "learn", "study", "読む", "学ぶ", "勉強"] },
        { "name": "鉛筆", "category": "教育", "class": "create", "keywords": ["write", "draw", "pen", "書く", "描く", "ペン"] },
        { "name": "卒業", "category": "教育", "class": "school", "keywords": ["graduation", "cap", "student", "卒業", "帽子", "学生"] },
        { "name": "盾", "category": "セキュリティ", "class": "security", "keywords": ["protect", "guard", "safe", "守る", "ガード", "安全"] },
        { "name": "ロック", "category": "セキュリティ", "class": "lock", "keywords": ["protect", "password", "safe", "守る", "パスワード", "安全"] },
        { "name": "鍵", "category": "セキュリティ", "class": "vpn_key", "keywords": ["password", "unlock", "safe", "パスワード", "開ける", "安全"] },
        { "name": "指紋", "category": "セキュリティ", "class": "fingerprint", "keywords": ["id", "touch", "security", "身分証明", "タッチ", "セキュリティ"] },
        { "name": "ゲームパッド", "category": "ゲーム", "class": "gamepad", "keywords": ["play", "controller", "fun", "遊ぶ", "コントローラー", "楽しい"] },
        { "name": "コントローラー", "category": "ゲーム", "class": "sports_esports", "keywords": ["play", "game", "fun", "遊ぶ", "ゲーム", "楽しい"] },
        { "name": "サイコロ", "category": "ゲーム", "class": "casino", "keywords": ["play", "dice", "luck", "遊ぶ", "さいころ", "運"] },
        { "name": "パズル", "category": "ゲーム", "class": "extension", "keywords": ["play", "game", "piece", "遊ぶ", "ゲーム", "ピース"] },
        { "name": "車椅子", "category": "アクセシビリティ", "class": "accessible_forward", "keywords": ["disability", "help", "support", "障害", "助け", "支援"] },
        { "name": "点字", "category": "アクセシビリティ", "class": "braille", "keywords": ["disability", "read", "blind", "障害", "読む", "盲目"] },
        { "name": "手話", "category": "アクセシビリティ", "class": "sign_language", "keywords": ["disability", "talk", "deaf", "障害", "話す", "聴覚障害"] },
        { "name": "音声", "category": "アクセシビリティ", "class": "record_voice_over", "keywords": ["disability", "talk", "speak", "障害", "話す", "発話"] },
        { "name": "顔", "category": "絵文字", "class": "face", "keywords": ["emoji", "person", "human", "絵文字", "人", "人間"] },
        { "name": "笑顔", "category": "絵文字", "class": "sentiment_satisfied_alt", "keywords": ["emoji", "happy", "smile", "絵文字", "嬉しい", "スマイル"] },
        { "name": "泣き顔", "category": "絵文字", "class": "sentiment_dissatisfied", "keywords": ["emoji", "sad", "cry", "絵文字", "悲しい", "泣く"] },
        { "name": "怒り顔", "category": "絵文字", "class": "sentiment_very_dissatisfied", "keywords": ["emoji", "angry", "mad", "絵文字", "怒る"] },
        { "name": "眠り顔", "category": "絵文字", "class": "sentiment_neutral", "keywords": ["emoji", "sleepy", "tired", "絵文字", "眠い", "疲れた"] },
        { "name": "ハグ", "category": "絵文字", "class": "sentiment_very_satisfied", "keywords": ["emoji", "happy", "love", "絵文字", "嬉しい", "愛"] }
    ]
}